Date,Baseline Percentage(%),Actual Percentage(%)
Sep-25,0.02%,0.02%
Oct-25,1.44%,0.25%
Nov-25,3.38%,0.69%
Dec-25,5.04%,1.11%
Jan-26,7.15%,1.69%
Feb-26,9.50%,2.29%
Mar-26,11.83%,3.34%
Apr-26,17.52%,4.46%
May-26,22.31%,5.19%
Jun-26,25.06%,6.02%
Jul-26,28.36%,6.88%
Aug-26,31.67%,7.60%
Sep-26,34.46%,7.97%
Oct-26,42.23%,
Nov-26,49.51%,
Dec-26,59.56%,
Jan-27,69.34%,
Feb-27,77.68%,
Mar-27,85.30%,
Apr-27,91.39%,
May-27,95.11%,
Jun-27,97.22%,
Jul-27,98.34%,
Aug-27,99.10%,
Sep-27,99.64%,
Oct-27,99.91%,
Nov-27,99.96%,
Dec-27,100.00%,
Jan-28,,
Feb-28,,
Mar-28,,
