Sub-Package,Total,PO Released,Remark,MFC DONE,Remark,"
Delivered","Partially
Delivered","Approved -
Await. PO/Disp.","In Progress
(PO/Dispatch)","In
Progress","Pending
Approval","Not
Started","Cancelled/
Rejected",% Complete
  Electrical (DC Building),36,32,Rest 5 Nos PO related to Fire sealant & Acnchor fastner etc.,25,"6 Nos are final light fixtures.
 5 Nos will required after 6 months",8,4,0,0,0,1,1,100.0%,0.333333333
  GIS - 220kV Substation,0,,,,,0,0,0,0,0,0,0,0.0%,0
ELECTRICAL ,36,32,,25,,8,4,0,0,0,1,1,1,0.333333333
  HVAC,74,61,Rest 13 Nos of PO will be released within 2 weeks,14,23 Nos shop drawings Approved as noted to be approved.Space concern for delivery of material.,0,0,0,0,0,0,0,0.0%,0
  PHE,28,25,Rest 3 Nos are very short Lead items,10,5 Nos will require after 4-6 months.74 Nos shop drawings Approved as noted to be approved.Space concern for delivery of material.,0,0,0,0,0,0,0,0.0%,0
  FPS,77,72,,10,21 Nos out of 56 Nos shop drawings Approved as noted to be approved.Space concern for delivery of material.,1,0,0,0,0,0,0,0.0%,0.012987013
  ELV,168,151,Rest 17 Nos of PO will be released within September End,7,75 Nos shop drawings Approved as noted to be approved.Space concern for delivery of material.,0,0,0,0,0,0,0,0.0%,0
  HSD,31,31,,1,FPU & Decanting unit TDS with P & ID has been finalized on 16/09/2026 – All drawings shall be completed 30/09/2026,0,0,0,0,0,0,0,0.0%,0
Telecom,77,70,,49,,0,0,0,,,,,,
Total,527,474,0,141,0,17,8,0,0,0,2,2,2,0.67965368
