Package description,Total drawings,Total drawings submitted to TPL by Micron,Pending with TPL for Submisison to JEG,Submission to JEG by TPL,Approved,Approved as Noted,Under review,Revise & Resubmit-R0,Revise & Resubmit-R1,Revise & Resubmit-R2,Revise & Resubmit-R3,Revise & Resubmit-R4,Revise & Resubmit-R5,Revise & Resubmit-R6,Yet to submit by Micron,CODE B to CODE A Approval (Under review)
ELECTRICAL,384,357,0,357,34,264,20,22,9,3,5,0,0,0,27,47
HVAC,157,98,0,98,0,23,3,7,43,22,,,,,59,
FIRE,56,56,0,56,2,18,2,0,24,6,,,,,0,
ELV,136,136,0,136,0,103,6,12,15,0,,,,,0,
HSD,21,5,0,5,1,0,3,0,1,0,,,,,16,
PHE,103,103,0,103,0,74,0,25,3,1,0,0,0,0,0,4
AUTOMATION & CONTROL,301,212,31,181,0,64,58,37,42,11,,,,,89,
TELECOM,125,95,77,18,0,0,67,28,0,0,,,,,30,
COMBINED SERVICES,58,9,0,9,0,0,0,9,0,0,,,,,49,
TOTAL,1341,1071,108,963,37,546,159,140,137,43,,,,,270,
